{
  "$kind": "BotConfiguration",
  "settings": {
    "GenerativeActionsEnabled": true
  },
  "isAgentConnectable": true,
  "gPTSettings": {
    "$kind": "GPTSettings",
    "defaultSchemaName": "cr2e3_scandiLogixCustomerHelp.gpt.default"
  },
  "aISettings": {
    "$kind": "AISettings",
    "useModelKnowledge": true,
    "isFileAnalysisEnabled": true,
    "isSemanticSearchEnabled": true,
    "optInUseLatestModels": false
  },
  "recognizer": {
    "$kind": "GenerativeAIRecognizer"
  }
}