<botcomponent schemaname="cr2e3_scandiLogixCustomerHelp.topic.Incident_Shipment_pYlEI33dMzzHSOfLF3Cjx">
  <componenttype>16</componenttype>
  <description>This knowledge source answers questions found in the following Dataverse items: Incident, Shipment</description>
  <iscustomizable>0</iscustomizable>
  <name>Incident, Shipment</name>
  <parentbotid>
    <schemaname>cr2e3_scandiLogixCustomerHelp</schemaname>
  </parentbotid>
  <statecode>0</statecode>
  <statuscode>1</statuscode>
</botcomponent>